Algorithm,Accuracy,Precision,Recall,F1-Score
Decision Tree,0.8395833333333333,0.840583765015769,0.8395833333333333,0.8395801867540256
KNN (k=5),0.82,0.8202919256745804,0.82,0.8197391316558729
